id,statement,scale
1,"The sun was shining and the gentle breeze made it a perfect day, bringing my happiness to a solid.",97
2,"Receiving unexpected flowers from a loved one boosted my mood to a delightful.",87
3,"The laughter of children playing in the park brought me immense joy, rating a cheerful.",92
4,"Accomplishing a challenging task at work elevated my spirits to a satisfying.",83
5,"A surprise visit from a dear friend skyrocketed my happiness to an ecstatic.",97
6,"Rainy days can be cozy and today's stormy weather contributed to a content.",72
7,"Completing a puzzle gave me a sense of accomplishment, earning a cheerful.",78
8,"Enjoying a delicious homemade meal brought my happiness level to a delightful.",83
9,"Discovering an old photo album and reminiscing about fond memories rated a nostalgic.",88
10,"Waking up to a stunning sunrise bumped my mood to a grateful.",93
11,"Facing a challenge head-on and overcoming it left me feeling triumphant, scoring a solid.",88
12,"Losing track of time while reading a captivating book left me pleasantly distracted, earning an absorbed.",83
13,"A heartfelt compliment from a colleague brightened my day, registering a thankful.",78
14,"Hitting a new personal record at the gym filled me with a sense of accomplishment, reaching a proud.",88
15,"A surprise message from a long-lost friend brought unexpected joy, rating a thrilled.",93
16,"Successfully planting a garden and watching it bloom elevated my happiness to a green-thumbed.",83
17,"A quiet day of relaxation and self-care boosted my spirits to a serene.",78
18,"Witnessing a beautiful sunset by the beach left me in awe and happiness, rating a tranquil.",97
19,"Reconnecting with an old hobby that brought back cherished memories earned a nostalgic.",83
20,"Completing a challenging crossword puzzle provided a satisfying mental workout, scoring an intellectual.",78
21,"A spontaneous road trip with friends lifted my mood to an adventurous.",93
22,"Achieving a long-term goal filled me with a sense of purpose, reaching a fulfilled.",88
23,"Volunteering for a worthy cause left me with a warm altruistic feeling, rating a generous.",93
24,"Trying a new recipe and savoring the delicious outcome brought my happiness to a culinary.",83
25,"A surprise picnic in the park with loved ones made for a delightful day, scoring a joyous.",97
26,"Witnessing a baby's first steps left me feeling heartwarmingly joyful, rating a precious.",93
27,"Overcoming a fear that had held me back for years left me feeling liberated, earning a brave.",88
28,"A cozy night in with a good book and a cup of tea provided a perfect setting, reaching a content.",83
29,"Finding money in an old coat pocket brought a pleasant surprise, scoring a fortunate.",78
30,"Connecting with nature on a peaceful hike left me with a refreshing sense of calm, rating a grounded.",93
31,"Receiving a handwritten letter from a friend evoked feelings of nostalgia and happiness, reaching a heartfelt.",88
32,"Successfully teaching my pet a new trick filled me with joy, earning a pet-loving.",93
33,"A surprise date night with my partner brought romance and happiness, scoring a loving.",83
34,"Completing a DIY project I'd been putting off left me with a sense of accomplishment, reaching a productive.",88
35,"Watching a favorite movie for the umpteenth time provided familiar comfort, earning a nostalgic.",83
36,"An impromptu dance party with friends lifted my spirits, rating a carefree.",93
37,"A lazy Sunday spent lounging in pajamas and binge-watching TV brought a relaxed happiness, reaching a comfortable.",83
38,"Witnessing a random act of kindness in the community left me with a hopeful and happy feeling, scoring an optimistic.",97
39,"Creating art and expressing myself in a new way brought my happiness to a creative.",83
40,"A surprise bonus at work left me financially relieved and content, earning a secure.",88
41,"A successful day of decluttering and organizing my space left me feeling refreshed, scoring a tidy.",93
42,"A heartfelt apology and reconciliation with a friend brought a sense of peace and joy, rating a forgiven.",88
43,"Receiving praise for a job well done at work left me feeling appreciated, earning a recognized.",83
44,"Rediscovering a childhood toy brought a wave of nostalgic happiness, scoring a sentimental.",93
45,"A spontaneous day trip to explore a new town left me with a sense of adventure, rating a curious.",83
46,"Successfully baking a challenging dessert left me feeling like a pastry chef, earning a culinary.",84
47,"A surprise party thrown in my honor brought overwhelming joy, scoring a celebratory.",83
48,"Completing a challenging workout routine left me with a euphoric sense of physical accomplishment, reaching a fit.",93
49,"A deep meaningful conversation with a loved one brought emotional connection and happiness, rating an intimate.",88
50,"Discovering a new favorite song and dancing to it in my living room brought spontaneous joy, earning a musical.",83
51,"The gloomy clouds hung low, casting a shadow on my day, plunging my mood into a melancholy.",33
52,"Receiving disappointing news about a cherished dream crushed my spirits, earning a despondent.",28
53,"The echoes of a heartbreak lingered, making every moment a painful reminder of lost love, rating a sorrowful.",23
54,"Failing to meet a deadline at work left me with a sinking feeling of inadequacy, scoring a defeated.",38
55,"A heartfelt goodbye from a dear friend moving away enveloped me in a somber mood, reaching a mournful.",43
56,"The empty rooms echoed with loneliness, amplifying the absence of a once vibrant presence, earning an isolated.",48
57,"A missed opportunity to reconcile with a loved one left me with a heavy heart, scoring a regretful.",33
58,"The rain outside mirrored the tears streaming down my face, contributing to a weepy.",28
59,"Waking up to the realization of a shattered dream dampened my spirit, rating a crushed.",23
60,"Facing the silence of an unanswered phone call heightened the sense of abandonment, reaching a forsaken.",38
61,"Losing a cherished possession with sentimental value left me with a profound sense of loss, scoring a bereaved.",43
62,"The fading memories of a faded friendship weighed heavily on my soul, earning a nostalgic.",33
63,"A broken promise from someone I trusted deeply shattered the fragile threads of trust, rating a betrayed.",28
64,"The deafening silence of an empty house echoed the loneliness within, plunging my mood into a desolate.",23
65,"Receiving news of a loved one's illness filled my heart with a heavy sadness, scoring a sorrowful.",38
66,"The unspoken words in a strained relationship added to the burden of unresolved tension, reaching a strained.",43
67,"A canceled plans for a long-awaited event left me with a sense of disappointment, earning a letdown.",33
68,"Witnessing the decay of a once vibrant garden mirrored the decay of hope within, rating a wilted.",28
69,"The cold breeze carried the weight of unspoken goodbyes, intensifying the sense of loss, scoring a farewell.",23
70,"The shattered fragments of a cherished memento echoed the broken pieces of a once beautiful connection, earning a fragmented.",38
71,"The fading warmth of a dying campfire symbolized the fading joy in my heart, reaching a dwindling.",43
72,"A rejected heartfelt confession left me with a sense of unrequited love, contributing to an unrequited.",33
73,"The distant gaze of a once-affectionate partner deepened the sense of emotional distance, rating a distant.",28
74,"The relentless rain outside mirrored the relentless sadness within, intensifying the gloomy atmosphere, scoring a relentless.",23
75,"The barren landscape of a neglected garden reflected the barren emotions within, rating a neglected.",38
76,"A forgotten birthday left me with a sense of insignificance, contributing to a forgotten.",43
77,"The shattered fragments of a broken promise echoed the broken trust in a strained relationship, reaching a betrayed.",33
78,"The empty echoes of a once lively conversation highlighted the emptiness in the present, earning an empty.",28
79,"The fading glow of a once-bright smile emphasized the fading happiness in my heart, scoring a fading.",23
80,"A rejected apology left me with a lingering sense of hurt, intensifying the sense of rejection, rating a hurt.",38
81,"The cold wind carried the weight of unspoken apologies, intensifying the tension in the air, scoring a tense.",43
82,"A missed chance to express love to a dear one left me with a lingering sense of regret, earning a regretful.",33
83,"The fading embers of a dying fire symbolized the fading warmth in a strained relationship, reaching a dwindling.",28
84,"The silence of an unreturned call added to the sense of abandonment, intensifying the isolation, scoring an abandoned.",23
85,"The echoes of laughter from a distant past highlighted the absence of joy in the present, earning an absent.",38
86,"The fading colors of a once vibrant painting emphasized the fading vibrancy within, rating a fading.",43
87,"A canceled celebration on a special occasion added a layer of sadness to the day, earning a mournful.",33
88,"The fading photograph captured a moment in time, emphasizing the passing of happier days, scoring a nostalgic.",28
89,"A missed connection with a long-lost friend left me with a sense of disconnectedness, reaching an isolated.",23
90,"The withering petals of a neglected flower mirrored the withering hope in my heart, earning a wilted.",38
91,"The cold, distant gaze of a once-loving partner deepened the sense of emotional distance, rating a distant.",43
92,"A heartfelt apology met with indifference added to the weight of unresolved conflicts, scoring an indifferent.",33
93,"The hollow echo of laughter from distant memories highlighted the absence of joy in the present, reaching an echo.",28
94,"The fading ink of a farewell letter symbolized the fading connection with a dear friend, earning a farewell.",23
95,"The relentless rain outside mirrored the relentless sadness within, intensifying the gloomy atmosphere, scoring a relentless.",38
96,"The barren landscape of a neglected garden reflected the barren emotions within, rating a neglected.",43
97,"The shattered fragments of a cherished memento echoed the broken pieces of a once beautiful connection, earning a fragmented.",33
98,"The fading warmth of a dying campfire symbolized the fading joy in my heart, reaching a dwindling.",28
99,"A rejected heartfelt confession left me with a sense of unrequited love, contributing to an unrequited.",23
100,"The distant gaze of a once-affectionate partner deepened the sense of emotional distance, rating a distant.",38
101,"The relentless rain outside mirrored the relentless sadness within, intensifying the gloomy atmosphere, scoring a relentless.",42
102,"The barren landscape of a neglected garden reflected the barren emotions within, rating a neglected.",31
103,"A forgotten birthday left me with a sense of insignificance, contributing to a forgotten.",27
104,"The shattered fragments of a broken promise echoed the broken trust in a strained relationship, reaching a betrayed.",21
105,"The empty echoes of a once lively conversation highlighted the emptiness in the present, earning an empty.",36
106,"The fading glow of a once-bright smile emphasized the fading happiness in my heart, scoring a fading.",23
107,"A rejected apology left me with a lingering sense of hurt, intensifying the sense of rejection, rating a hurt.",37
108,"The cold wind carried the weight of unspoken apologies, intensifying the tension in the air, scoring a tense.",41
109,"A missed chance to express love to a dear one left me with a lingering sense of regret, earning a regretful.",28
110,"A leisurely stroll in the park on a sunny afternoon filled me with a sense of peace, rating a relaxed.",59
111,"Discovering a quaint little bookstore and spending hours browsing through books brought simple joy, earning a bookish.",66
112,"The aroma of freshly brewed coffee on a chilly morning added a touch of warmth to my day, scoring a cozy.",53
113,"Successfully redecorating a room to create a more vibrant and inviting space left me feeling accomplished, reaching a redecorated.",73
114,"Listening to my favorite uplifting playlist while taking a scenic drive elevated my mood, rating a melodic.",52
115,"Cooking a delicious meal from scratch and savoring the flavors brought a sense of culinary satisfaction, earning a gourmet.",66
116,"A spontaneous dance session in my living room to my favorite tunes brought carefree happiness, scoring a danceful.",61
117,"Exploring a new hobby and finding it both engaging and enjoyable added a dash of excitement to my routine, reaching a hobbyist.",57
118,"Attending a live performance of my favorite band and singing along with the crowd filled me with euphoria, scoring a concert-goer.",72
119,"A day spent exploring a charming little town, trying local cuisine, and discovering hidden gems left me with a travel-induced joy, rating an explorer.",67
120,"Completing a challenging jigsaw puzzle provided a satisfying mental challenge and accomplishment, scoring a puzzler.",62
121,"Biking through scenic trails on a beautiful day brought a refreshing sense of adventure, rating a biking.",61
122,"Receiving a handcrafted gift from a friend added a personal touch to my day, earning a thoughtful.",67
123,"Successfully growing a variety of herbs and vegetables in my garden filled me with a green-thumbed happiness, scoring a gardener.",54
124,"A cozy night in with a bowl of warm soup and a good movie brought comfort and relaxation, reaching a cozy.",51
125,"Attending a laughter yoga class and experiencing the contagious joy of laughter left me feeling light-hearted, scoring a laughter yogi.",68
126,"Volunteering at an animal shelter and spending time with furry friends brought a heartwarming sense of fulfillment, rating an animal lover.",71
127,"Creating a DIY project from recycled materials not only helped the environment but also filled me with a sense of creativity, earning a eco-creator.",62
128,"A picnic in a blooming garden with friends and sharing stories created a joyful and communal atmosphere, scoring a garden picnic.",57
129,"Completing a scenic hike and reaching the summit provided a breathtaking view, bringing a sense of accomplishment, reaching a hiker.",67
130,"Learning a new dance move and mastering it in front of a mirror brought a sense of achievement and joy, scoring a dancer.",62
131,"Receiving a handwritten letter from a pen pal across the globe sparked feelings of connection and cultural exchange, rating a global pen pal.",57
132,"Planting a tree in my backyard and knowing it will grow and contribute to the environment filled me with a sense of eco-friendly joy, earning a tree planter.",71
133,"Hosting a successful game night with friends, filled with laughter and friendly competition, brought a sense of camaraderie, scoring a game night host.",66
134,"A day spent exploring an art museum and appreciating various forms of creativity left me feeling inspired, rating an art enthusiast.",62
135,"Participating in a community cleanup initiative and seeing the positive impact on the neighborhood brought a sense of civic pride, earning a community advocate.",57
136,"Attending a mindfulness meditation session and experiencing inner peace and tranquility left me with a centered and mindful feeling, reaching a meditator.",72
137,"Successfully completing a home DIY project, like building a piece of furniture, filled me with a sense of accomplishment, scoring a DIY enthusiast.",62
138,"A spontaneous beach day with friends, complete with sun, sand, and laughter, brought a beachgoer's happiness, scoring a beach day.",57
139,"Trying a new adventurous activity, like zip-lining or kayaking, brought an adrenaline rush and a sense of daring joy, rating an adventurer.",67
140,"Baking cookies from scratch and savoring the warm, gooey goodness brought a sweet and homemade happiness, earning a baker.",62
141,"Reconnecting with a childhood friend and reminiscing about shared memories created a nostalgic and heartwarming experience, reaching a childhood friend.",57
142,"A successful day of fishing, with a bountiful catch, brought a sense of satisfaction and the joy of a fisherman, scoring a fisherman.",72
143,"Attending a live comedy show and laughing uncontrollably at witty jokes brought a night of comedic joy, rating a comedy show enthusiast.",67
144,"A day spent at a local farmers' market, enjoying fresh produce and artisanal goods, brought a farmer's market happiness, scoring a market-goer.",62
145,"Successfully completing a challenging yoga pose and feeling a sense of strength and flexibility brought a yogi's happiness, earning a yoga enthusiast.",57
146,"A day of pampering and self-care, complete with a spa day and relaxation, brought a spa-goer's contentment, reaching a spa enthusiast.",67
147,"Hosting a successful potluck dinner with friends, filled with delicious dishes and shared stories, brought a sense of camaraderie, scoring a host.",62
148,"Embarking on a road trip to explore new destinations and creating unforgettable memories brought a road trip adventurer's happiness, scoring a road tripper.",57
149,"A day spent at an amusement park, riding thrilling roller coasters and enjoying treats, brought an amusement park enthusiast's joy, earning a park-goer.",72
150,"Successfully completing a challenging workout routine and feeling the endorphin rush brought a fitness enthusiast's satisfaction, reaching a fitness high.",62
151,"A day dedicated to learning a new instrument and playing melodies brought a musician's joy, earning a musician.",57
152,"Hosting a themed costume party with friends and creating a night of fun and laughter brought a party host's happiness, scoring a party planner.",67
153,"Exploring a local art gallery and appreciating diverse artworks brought an art connoisseur's joy, rating an art gallery visitor.",62
154,"A day spent at a botanical garden, surrounded by vibrant flowers and serene landscapes, brought a botanical enthusiast's happiness, reaching a garden visitor.",57
155,"Completing a challenging crossword puzzle and solving the final clue brought a puzzle solver's satisfaction, scoring a crossword enthusiast.",72
156,"A day of photography, capturing beautiful moments and scenes, brought a photographer's joy, earning a photographer.",67
157,"Participating in a community charity event and making a positive impact brought a philanthropist's satisfaction, rating a community contributor.",62
158,"Hosting a successful outdoor barbecue with friends, complete with delicious food and great company, brought a barbecue host's happiness, scoring a grill master.",57
159,"A day spent exploring historical landmarks and learning about the past brought a history enthusiast's joy, reaching a history buff.",67
160,"Successfully completing a home gardening project, like growing your own vegetables, brought a gardener's satisfaction, earning a green thumb.",62
161,"The gloomy clouds hung low, casting a shadow on my day, plunging my mood into a melancholy.",32
162,"Receiving disappointing news about a cherished dream crushed my spirits, earning a despondent.",27
163,"The echoes of a heartbreak lingered, making every moment a painful reminder of lost love, rating a sorrowful.",22
164,"Failing to meet a deadline at work left me with a sinking feeling of inadequacy, scoring a defeated.",37
165,"A heartfelt goodbye from a dear friend moving away enveloped me in a somber mood, reaching a mournful.",42
166,"The empty rooms echoed with loneliness, amplifying the absence of a once vibrant presence, earning an isolated.",47
167,"A missed opportunity to reconcile with a loved one left me with a heavy heart, scoring a regretful.",28
168,"The rain outside mirrored the tears streaming down my face, contributing to a weepy.",26
169,"Waking up to the realization of a shattered dream dampened my spirit, rating a crushed.",21
170,"Facing the silence of an unanswered phone call heightened the sense of abandonment, reaching a forsaken.",38
171,"Losing a cherished possession with sentimental value left me with a profound sense of loss, scoring a bereaved.",43
172,"The fading memories of a faded friendship weighed heavily on my soul, earning a nostalgic.",32
173,"A broken promise from someone I trusted deeply shattered the fragile threads of trust, rating a betrayed.",27
174,"The deafening silence of an empty house echoed the loneliness within, plunging my mood into a desolate.",22
175,"Receiving news of a loved one's illness filled my heart with a heavy sadness, scoring a sorrowful.",38
176,"The unspoken words in a strained relationship added to the burden of unresolved tension, reaching a strained.",43
177,"A canceled plans for a long-awaited event left me with a sense of disappointment, earning a letdown.",32
178,"Witnessing the decay of a once vibrant garden mirrored the decay of hope within, rating a wilted.",28
179,"The cold breeze carried the weight of unspoken goodbyes, intensifying the sense of loss, scoring a farewell.",21
180,"The shattered fragments of a cherished memento echoed the broken pieces of a once beautiful connection, earning a fragmented.",38
181,"The fading warmth of a dying campfire symbolized the fading joy in my heart, reaching a dwindling.",43
182,"A rejected heartfelt confession left me with a sense of unrequited love, contributing to an unrequited.",32
183,"The distant gaze of a once-affectionate partner deepened the sense of emotional distance, rating a distant.",27
184,"The relentless rain outside mirrored the relentless sadness within, intensifying the gloomy atmosphere, scoring a relentless.",22
185,"The barren landscape of a neglected garden reflected the barren emotions within, rating a neglected.",38
186,"A forgotten birthday left me with a sense of insignificance, contributing to a forgotten.",43
187,"The shattered fragments of a broken promise echoed the broken trust in a strained relationship, reaching a betrayed.",32
188,"The empty echoes of a once lively conversation highlighted the emptiness in the present, earning an empty.",25
189,"The fading glow of a once-bright smile emphasized the fading happiness in my heart, scoring a fading.",20
190,"A rejected apology left me with a lingering sense of hurt, intensifying the sense of rejection, rating a hurt.",35
191,"The cold wind carried the weight of unspoken apologies, intensifying the tension in the air, scoring a tense.",40
192,"A missed chance to express love to a dear one left me with a lingering sense of regret, earning a regretful.",30
193,"The fading embers of a dying fire symbolized the fading warmth in a strained relationship, reaching a dwindling.",25
194,"The silence of an unreturned call added to the sense of abandonment, intensifying the isolation, scoring an abandoned.",20
195,"The echoes of laughter from a distant past highlighted the absence of joy in the present, earning an absent.",35
196,"The fading colors of a once vibrant painting emphasized the fading vibrancy within, rating a fading.",40
197,"A canceled celebration on a special occasion added a layer of sadness to the day, earning a mournful.",30
198,"The fading photograph captured a moment in time, emphasizing the passing of happier days, scoring a nostalgic.",25
199,"A missed connection with a long-lost friend left me with a sense of disconnectedness, reaching an isolated.",20
200,"The withering petals of a neglected flower mirrored the withering hope in my heart, earning a wilted.",35
201,"The constant feeling of inadequacy gnawed at my self-worth, scoring a persistent.",25
202,"A string of failed attempts left me feeling like a perpetual disappointment, rating a defeated.",28
203,"The echoes of a long-lost friendship haunted my thoughts, contributing to a haunted.",18
204,"Waking up to the harsh reality of unfulfilled dreams cast a gloom over my day, reaching a desolate.",35
205,"A never-ending cycle of self-doubt eroded the foundation of my confidence, earning a self-doubting.",12
206,"The relentless rain outside matched the tears that seemed to flow endlessly, scoring a tearful.",8
207,"Facing the mirror, the reflection held a stranger with weary eyes and a heart heavy with sorrow, rating a weary.",27
208,"The remnants of shattered trust lingered in every interaction, contributing to a betrayed.",17
209,"A once-vibrant garden now withered, mirroring the decay of hope within, reaching a wilted.",32
210,"The fading embers of a once-burning passion symbolized the dwindling flame within, scoring a dwindling.",26
211,"A rejected plea for understanding left me feeling like an unheard voice in a vast, indifferent world, rating an unheard.",22
212,"The cold wind whispered tales of forgotten promises, intensifying the chill of solitude, earning a forsaken.",11
213,"Unspoken apologies weighed heavily in the air, adding tension to the atmosphere, reaching a tense.",16
214,"The echoes of laughter from distant memories served as a haunting reminder of what was lost, scoring a haunting.",11
215,"A farewell letter with fading ink symbolized the fading connection with a once-dear friend, rating a fading.",22
216,"The relentless rain outside mirrored the relentless sadness within, intensifying the gloomy atmosphere, scoring a relentless.",7
217,"The barren landscape of a neglected garden reflected the barren emotions within, rating a neglected.",12
218,"The shattered fragments of a broken promise echoed the broken trust in a strained relationship, reaching a betrayed.",17
219,"The empty echoes of a once lively conversation highlighted the emptiness in the present, earning an empty.",12
220,"The fading glow of a once-bright smile emphasized the fading happiness in my heart, scoring a fading.",6
221,"A rejected apology left me with a lingering sense of hurt, intensifying the sense of rejection, rating a hurt.",16
222,"The cold wind carried the weight of unspoken apologies, intensifying the tension in the air, scoring a tense.",10
223,"A missed chance to express love to a dear one left me with a lingering sense of regret, earning a regretful.",22
224,"The silence of an unreturned call added to the sense of abandonment, intensifying the isolation, scoring an abandoned.",17
225,"The echoes of laughter from a distant past highlighted the absence of joy in the present, earning an absent.",12
226,"The fading colors of a once vibrant painting emphasized the fading vibrancy within, rating a fading.",6
227,"A canceled celebration on a special occasion added a layer of sadness to the day, earning a mournful.",16
228,"The fading photograph captured a moment in time, emphasizing the passing of happier days, scoring a nostalgic.",10
229,"A missed connection with a long-lost friend left me with a sense of disconnectedness, reaching an isolated.",6
230,"The withering petals of a neglected flower mirrored the withering hope in my heart, earning a wilted.",16
231,"The gloomy clouds hung low, casting a shadow on my day, plunging my mood into a melancholy.",21
232,"Receiving disappointing news about a cherished dream crushed my spirits, earning a despondent.",27
233,"The echoes of a heartbreak lingered, making every moment a painful reminder of lost love, rating a sorrowful.",16
234,"Failing to meet a deadline at work left me with a sinking feeling of inadequacy, scoring a defeated.",11
235,"A heartfelt goodbye from a dear friend moving away enveloped me in a somber mood, reaching a mournful.",7
236,"The empty rooms echoed with loneliness, amplifying the absence of a once vibrant presence, earning an isolated.",12
237,"A missed opportunity to reconcile with a loved one left me with a heavy heart, scoring a regretful.",16
238,"The rain outside mirrored the tears streaming down my face, contributing to a weepy.",21
239,"Waking up to the realization of a shattered dream dampened my spirit, rating a crushed.",6
240,"Facing the silence of an unanswered phone call heightened the sense of abandonment, reaching a forsaken.",12
241,"Losing a cherished possession with sentimental value left me with a profound sense of loss, scoring a bereaved.",17
242,"The fading memories of a faded friendship weighed heavily on my soul, earning a nostalgic.",10
243,"A broken promise from someone I trusted deeply shattered the fragile threads of trust, rating a betrayed.",5
244,"The deafening silence of an empty house echoed the loneliness within, plunging my mood into a desolate.",10
245,"Receiving news of a loved one's illness filled my heart with a heavy sadness, scoring a sorrowful.",16
246,"The unspoken words in a strained relationship added to the burden of unresolved tension, reaching a strained.",21
247,"A canceled plans for a long-awaited event left me with a sense of disappointment, earning a letdown.",16
248,"Witnessing the decay of a once vibrant garden mirrored the decay of hope within, rating a wilted.",10
249,"The cold breeze carried the weight of unspoken goodbyes, intensifying the sense of loss, scoring a farewell.",5
250,"The shattered fragments of a cherished memento echoed the broken pieces of a once beautiful connection, earning a fragmented.",10
251,"Feeling constantly overlooked at work, like my efforts don't matter, rates a dismissed.",18
252,"Every attempt to connect with old friends ends up with unanswered messages, scoring an ignored.",12
253,"Seeing others effortlessly succeed while I struggle leaves me feeling like a failure, rating an inadequate.",23
254,"Waking up alone in an empty bed creates a daily sense of isolation, earning a lonely.",6
255,"The routine of unfulfilling days blends into a monotonous blur, reaching a stagnant.",28
256,"The weight of unresolved family issues lingers in every conversation, contributing to a strained.",16
257,"A string of disappointments has led to a persistent sense of disillusionment, scoring a disillusioned.",20
258,"Watching my dreams slip away, year after year, leaves me with a sense of hopelessness, reaching a defeated.",30
259,"Receiving rejection after rejection on job applications breeds a sense of worthlessness, rating a rejected.",25
260,"Being misunderstood by those closest to me fosters a sense of loneliness, earning a misunderstood.",15
261,"A sense of emptiness accompanies the realization that my efforts go unnoticed, scoring an unappreciated.",10
262,"Feeling stuck in a job that offers no fulfillment leads to a constant sense of dissatisfaction, reaching a stagnant.",20
263,"The absence of a meaningful connection in my life intensifies the feeling of emptiness, contributing to a vacant.",15
264,"Seeing friends move forward in life while I stay behind deepens the sense of stagnation, rating a stagnant.",25
265,"A continuous stream of letdowns has left me questioning my own capabilities, earning a self-doubting.",10
266,"The fading interest in activities that used to bring joy reflects a diminished sense of happiness, scoring a joyless.",15
267,"Chronic health issues contribute to a persistent feeling of vulnerability, reaching a fragile.",20
268,"Constant comparison to others' successes breeds a sense of inadequacy, rating an inferior.",25
269,"The growing distance between once-close friends contributes to a sense of isolation, earning a distant.",15
270,"The realization that I've outgrown relationships leaves me feeling disconnected, reaching a detached.",10
271,"Facing financial struggles and an uncertain future adds to the weight of stress, scoring a burdened.",20
272,"The monotony of daily life contributes to a sense of boredom and unfulfillment, rating a mundane.",10
273,"Chronic health issues make it challenging to find joy in simple daily activities, earning a joyless.",15
274,"The constant fear of making the wrong decisions heightens anxiety, contributing to a stressed.",25
275,"Feeling overwhelmed by responsibilities and expectations leads to a persistent sense of pressure, rating a pressured.",20
276,"The gradual fading of once-close relationships adds to a growing feeling of isolation, reaching an isolated.",15
277,"Being consistently overlooked in social situations leaves me feeling invisible, scoring an unseen.",10
278,"Facing rejection from someone I deeply care about intensifies the sense of heartbreak, earning a rejected.",25
279,"Dealing with the aftermath of a broken promise has shattered my trust, contributing to a betrayed.",20
280,"The never-ending cycle of negative thoughts contributes to a constant sense of self-doubt, rating a doubtful.",15
281,"Feeling like I don't belong anywhere deepens the sense of loneliness, reaching an alienated.",10
282,"The impact of past traumas lingers, casting a shadow on present-day joy, scoring a haunted.",25
283,"The daily struggle to find purpose adds to a sense of aimlessness, contributing to a purposeless.",20
284,"A sense of emptiness accompanies the realization that my efforts go unnoticed, scoring an unappreciated.",15
285,"Seeing friends move forward in life while I stay behind deepens the sense of stagnation, rating a stagnant.",25
286,"A continuous stream of letdowns has left me questioning my own capabilities, earning a self-doubting.",10
287,"The fading interest in activities that used to bring joy reflects a diminished sense of happiness, scoring a joyless.",15
288,"Chronic health issues contribute to a persistent feeling of vulnerability, reaching a fragile.",20
289,"Constant comparison to others' successes breeds a sense of inadequacy, rating an inferior.",25
290,"The growing distance between once-close friends contributes to a sense of isolation, earning a distant.",15
291,"The realization that I've outgrown relationships leaves me feeling disconnected, reaching a detached.",10
292,"Facing financial struggles and an uncertain future adds to the weight of stress, scoring a burdened.",20
293,"The monotony of daily life contributes to a sense of boredom and unfulfillment, rating a mundane.",10
294,"Chronic health issues make it challenging to find joy in simple daily activities, earning a joyless.",15
295,"The constant fear of making the wrong decisions heightens anxiety, contributing to a stressed.",25
296,"Feeling overwhelmed by responsibilities and expectations leads to a persistent sense of pressure, rating a pressured.",20
297,"The gradual fading of once-close relationships adds to a growing feeling of isolation, reaching an isolated.",15
298,"Being consistently overlooked in social situations leaves me feeling invisible, scoring an unseen.",10
299,"Facing rejection from someone I deeply care about intensifies the sense of heartbreak, earning a rejected.",25
300,"Dealing with the aftermath of a broken promise has shattered my trust, contributing to a betrayed.",20
301,"Discovering a new coffee shop with cozy ambiance and great brews brought my happiness to a comfortable.",71
302,"The simple joy of a warm hug from a loved one elevated my mood to a comforting.",82
303,"A lazy weekend spent binge-watching my favorite TV shows brought my happiness to a relaxed.",61
304,"Completing a DIY home improvement project filled me with a sense of accomplishment, reaching a proud.",77
305,"Waking up to the smell of freshly baked cinnamon rolls bumped my mood to a delightful.",82
306,"A spontaneous beach day with friends lifted my spirits to a carefree.",77
307,"Reconnecting with an old friend over a cup of coffee brought nostalgic joy, earning a reminiscent.",66
308,"Exploring a new hiking trail and enjoying nature's beauty left me with a refreshing sense of calm, rating a rejuvenated.",71
309,"The joy of adopting a furry friend and watching them play in the backyard brought my happiness to a pet-loving.",82
310,"Successfully growing a garden filled with colorful flowers and fresh herbs elevated my mood to a green-thumbed.",77
311,"Cooking a delicious homemade meal with family brought my happiness level to a heartwarming.",82
312,"A surprise visit from a dear friend on a gloomy day skyrocketed my happiness to an ecstatic.",77
313,"Finding unexpected money in my pocket brought a pleasant surprise, scoring a fortunate.",66
314,"Watching a beautiful sunset with loved ones by the beach left me in awe and happiness, rating a tranquil.",82
315,"Completing a challenging puzzle together with family gave me a sense of accomplishment, reaching a satisfied.",71
316,"The excitement of planning a future vacation filled me with anticipation and joy, earning an excited.",77
317,"Receiving a heartfelt compliment from a colleague brightened my day, registering a thankful.",61
318,"A cozy night in with a good book and a cup of tea provided a perfect setting, reaching a content.",71
319,"The joy of seeing my favorite band live in concert bumped my mood to a thrilled.",82
320,"Enjoying a relaxing spa day filled me with serenity and self-care, earning a pampered.",77
321,"Successfully teaching my pet a new trick filled me with joy, earning a pet-loving.",71
322,"A surprise picnic in the park with loved ones made for a delightful day, scoring a joyous.",82
323,"Receiving a handwritten letter from a friend evoked feelings of nostalgia and happiness, reaching a heartfelt.",77
324,"Accomplishing a personal fitness goal at the gym filled me with a sense of achievement, rating a fit.",71
325,"A spontaneous road trip with friends lifted my mood to an adventurous.",77
326,"Connecting with nature on a peaceful hike left me with a refreshing sense of calm, rating a grounded.",71
327,"Successfully completing a challenging crossword puzzle provided a satisfying mental workout, scoring an intellectual.",66
328,"A surprise date night with my partner brought romance and happiness, scoring a loving.",82
329,"Completing a long-term project at work filled me with a sense of accomplishment, reaching a fulfilled.",77
330,"Volunteering for a worthy cause left me with a warm altruistic feeling, rating a generous.",71
331,"Trying a new recipe and savoring the delicious outcome brought my happiness to a culinary.",77
332,"The joy of witnessing a baby's first steps left me feeling heartwarmingly joyful, rating a precious.",82
333,"Overcoming a fear that had held me back for years left me feeling liberated, earning a brave.",77
334,"Discovering an old photo album and reminiscing about fond memories rated a nostalgic.",61
335,"Hitting a new personal record at the gym filled me with a sense of accomplishment, reaching a proud.",77
336,"Successfully planting a garden and watching it bloom elevated my happiness to a green-thumbed.",71
337,"A quiet day of relaxation and self-care boosted my spirits to a serene.",71
338,"Enjoying a delicious homemade meal brought my happiness level to a delightful.",77
339,"Completing a challenging workout routine left me with a euphoric sense of physical accomplishment, reaching a fit.",71
340,"A surprise message from a long-lost friend brought unexpected joy, rating a thrilled.",82
341,"Rediscovering a childhood toy brought a wave of nostalgic happiness, scoring a sentimental.",66
342,"A successful day of decluttering and organizing my space left me feeling refreshed, scoring a tidy.",71
343,"A heartfelt apology and reconciliation with a friend brought a sense of peace and joy, rating a forgiven.",77
344,"Hitting the dance floor at a party with friends lifted my spirits to a carefree.",77
345,"The joy of creating art and expressing myself in a new way brought my happiness to a creative.",71
346,"A surprise bonus at work left me financially relieved and content, earning a secure.",77
347,"The simple pleasure of a morning walk in the park with a cup of coffee elevated my mood to a peaceful.",61
348,"The happiness of a successful family gathering and shared laughter bumped my mood to a joyful.",82
349,"Watching a favorite movie for the umpteenth time provided familiar comfort, earning a nostalgic.",66
350,"An impromptu dance party with friends lifted my spirits, rating a carefree.",77
351,"A cozy night in with my favorite movie and a bowl of popcorn brought my happiness to a relaxed.",52
352,"Receiving a thoughtful and unexpected compliment from a stranger brightened my day, scoring a grateful.",57
353,"The joy of completing a jigsaw puzzle with family brought a sense of accomplishment, reaching a satisfied.",48
354,"Waking up to the sound of rain tapping on the window brought a calming happiness, rating a cozy.",53
355,"The excitement of planning a weekend getaway filled me with anticipation and joy, earning an excited.",51
356,"A spontaneous picnic in the park with friends made for a delightful day, scoring a joyous.",56
357,"The happiness of a successful family barbecue and shared laughter bumped my mood to a cheerful.",61
358,"Discovering a new favorite book and losing track of time while reading brought spontaneous joy, earning an absorbed.",52
359,"The simple pleasure of a bike ride on a sunny day elevated my mood to a carefree.",48
360,"Successfully baking a delicious dessert from scratch left me feeling like a pastry chef, reaching a culinary.",55
361,"The joy of receiving a handwritten letter from a friend evoked feelings of nostalgia, rating a heartfelt.",50
362,"The thrill of exploring a new city and trying local cuisine lifted my spirits to an adventurous.",55
363,"Waking up early to witness a beautiful sunrise brought a grateful happiness, scoring a thankful.",50
364,"Completing a challenging crossword puzzle provided a satisfying mental workout, reaching an intellectual.",48
365,"The happiness of a surprise visit from a long-lost friend bumped my mood to a thrilled.",63
366,"Enjoying a leisurely brunch with friends on a lazy Sunday morning brought my happiness to a comfortable.",50
367,"Reconnecting with an old hobby that brought back cherished memories earned a nostalgic.",55
368,"A successful day of shopping and finding great deals left me feeling satisfied, rating a triumphant.",48
369,"The simple joy of a spontaneous dance party at home with loved ones brought my happiness to a carefree.",51
370,"Feeling the warm sun on my face during a leisurely afternoon walk lifted my spirits to a peaceful.",55
371,"The excitement of planning and hosting a successful dinner party filled me with joy, earning an elated.",51
372,"Discovering a hidden gem of a restaurant and savoring a delicious meal bumped my mood to a culinary.",55
373,"The happiness of a surprise gift from a friend brought a grateful smile, scoring a thankful.",50
374,"Successfully completing a DIY project around the house filled me with a sense of accomplishment, reaching a proud.",48
375,"A relaxing day at the beach with the soothing sound of waves brought my happiness to a serene.",50
376,"The joy of finding a favorite childhood snack at the grocery store brought nostalgic happiness, earning a reminiscent.",55
377,"Waking up to a playlist of favorite songs brought a cheerful happiness, scoring a musical.",50
378,"The happiness of achieving a personal fitness goal at the gym bumped my mood to a fit.",55
379,"The thrill of attending a live concert and singing along to favorite songs lifted my spirits to an ecstatic.",63
380,"Completing a home improvement project with my partner brought a sense of teamwork, rating a collaborative.",48
381,"The joy of mastering a new recipe and enjoying the delicious outcome brought my happiness to a culinary.",52
382,"A surprise movie night with loved ones at home made for a delightful evening, scoring a joyous.",56
383,"The happiness of a successful family game night and shared laughter bumped my mood to a cheerful.",61
384,"Discovering a new hobby that brings joy and relaxation earned a content.",52
385,"The thrill of trying an adventurous activity for the first time lifted my spirits to an excited.",55
386,"Waking up to the aroma of freshly brewed coffee brought a comforting happiness, rating a cozy.",52
387,"The joy of receiving a heartfelt compliment from a colleague brightened my day, earning a recognized.",57
388,"A cozy evening by the fireplace with a good book and a warm blanket brought my happiness to a comfortable.",50
389,"The happiness of successfully planting and nurturing a garden bumped my mood to a green-thumbed.",55
390,"Enjoying a peaceful day at the park with a good book brought my happiness to a content.",50
391,"The joy of a successful day of fishing and catching the biggest catch lifted my spirits to a triumphant.",63
392,"Feeling the wind in my hair during a scenic drive brought a carefree happiness, scoring an adventurous.",51
393,"Discovering a new hobby that sparks creativity and passion earned a creative.",55
394,"The happiness of a surprise weekend getaway to a scenic location brought my mood to a thrilled.",63
395,"Successfully completing a challenging workout routine filled me with a sense of accomplishment, reaching a fit.",48
396,"The joy of a spontaneous day trip to explore a nearby town bumped my mood to an adventurous.",55
397,"A successful day of decluttering and organizing my space left me feeling refreshed, scoring a tidy.",50
398,"The happiness of a surprise visit from family brought warmth and joy, earning a familial.",55
399,"Enjoying a quiet afternoon with a good book and a cup of tea brought my happiness to a content.",52
400,"The thrill of successfully tackling a home renovation project filled me with a sense of accomplishment, reaching a proud.",48
401,"Embarking on a spontaneous road trip with friends brought an adventurous excitement, scoring a spontaneous.",82
402,"The joy of witnessing a breathtaking sunset by the beach left me in awe and happiness, rating a tranquil.",88
403,"Exploring a new art form and expressing myself creatively earned an artistic.",85
404,"Successfully surprising a loved one with a thoughtful gift brought a joyous thrill, scoring a heartfelt.",80
405,"Attending an outdoor concert and dancing under the stars filled me with euphoria, reaching a concert-goer.",85
406,"Biking through picturesque trails on a sunny day brought a refreshing sense of adventure, earning a biking.",80
407,"The excitement of planning a surprise party for a friend and seeing their joy was immensely rewarding, scoring an excited.",83
408,"Completing a challenging hike and reaching the summit provided a breathtaking view, bringing a sense of accomplishment, reaching a hiker.",85
409,"Successfully baking a delicious cake from scratch and savoring the sweet accomplishment brought a baker's happiness, rating a sweet.",80
410,"Attending a live comedy show and laughing uncontrollably at witty jokes brought a night of comedic joy, scoring a comedy enthusiast.",85
411,"Volunteering at an animal shelter and spending time with furry friends brought a heartwarming sense of fulfillment, rating an animal lover.",88
412,"Creating a beautiful piece of art that resonates with my emotions brought an artist's satisfaction, earning an artistic.",80
413,"Enjoying a picnic in a blooming garden with loved ones and sharing stories created a joyful and communal atmosphere, scoring a garden picnic.",83
414,"Successfully learning and performing a new dance routine brought a dancer's satisfaction, reaching a dance enthusiast.",85
415,"Completing a home DIY project, like crafting custom furniture, filled me with a sense of accomplishment, scoring a DIY enthusiast.",80
416,"Participating in a community cleanup initiative and contributing to a cleaner environment brought a sense of civic pride, rating a community advocate.",88
417,"The happiness of learning a new musical instrument and playing a favorite tune brought a musician's joy, earning a musical.",85
418,"Hosting a themed costume party with friends and creating a night of fun and laughter brought a party host's happiness, scoring a party planner.",80
419,"Exploring a local art gallery and appreciating diverse artworks brought an art connoisseur's joy, rating an art gallery visitor.",82
420,"A day spent at a botanical garden, surrounded by vibrant flowers and serene landscapes, brought a botanical enthusiast's happiness, reaching a garden visitor.",85
421,"Completing a challenging crossword puzzle and solving the final clue brought a puzzle solver's satisfaction, scoring a crossword enthusiast.",80
422,"A day of photography, capturing beautiful moments and scenes, brought a photographer's joy, earning a photographer.",85
423,"Participating in a community charity event and making a positive impact brought a philanthropist's satisfaction, rating a community contributor.",88
424,"Hosting a successful outdoor barbecue with friends, complete with delicious food and great company, brought a barbecue host's happiness, scoring a grill master.",82
425,"A day spent exploring historical landmarks and learning about the past brought a history enthusiast's joy, reaching a history buff.",85
426,"Successfully completing a home gardening project, like growing your own vegetables, brought a gardener's satisfaction, earning a green thumb.",80
427,"Receiving unexpected flowers from a loved one boosted my mood to a delightful.",85
428,"The laughter of children playing in the park brought me immense joy, rating a cheerful.",80
429,"Accomplishing a challenging task at work elevated my spirits to a satisfying.",82
430,"A surprise visit from a dear friend skyrocketed my happiness to an ecstatic.",88
431,"Rainy days can be cozy and today's stormy weather contributed to a content.",80
432,"Completing a puzzle gave me a sense of accomplishment, earning a cheerful.",85
433,"Enjoying a delicious homemade meal brought my happiness level to a delightful.",82
434,"Discovering an old photo album and reminiscing about fond memories rated a nostalgic.",80
435,"Waking up to a stunning sunrise bumped my mood to a grateful.",85
436,"Facing a challenge head-on and overcoming it left me feeling triumphant, scoring a solid.",88
437,"Losing track of time while reading a captivating book left me pleasantly distracted, earning an absorbed.",80
438,"A heartfelt compliment from a colleague brightened my day, registering a thankful.",85
439,"Hitting a new personal record at the gym filled me with a sense of accomplishment, reaching a proud.",82
440,"A surprise message from a long-lost friend brought unexpected joy, rating a thrilled.",80
441,"Successfully planting a garden and watching it bloom elevated my happiness to a green-thumbed.",85
442,"A quiet day of relaxation and self-care boosted my spirits to a serene.",88
443,"Witnessing a beautiful sunset by the beach left me in awe and happiness, rating a tranquil.",82
444,"Reconnecting with an old hobby that brought back cherished memories earned a nostalgic.",80
445,"Completing a challenging crossword puzzle provided a satisfying mental workout, scoring an intellectual.",88
446,"A spontaneous road trip with friends lifted my mood to an adventurous.",85
447,"Achieving a long-term goal filled me with a sense of purpose, reaching a fulfilled.",82
448,"Volunteering for a worthy cause left me with a warm altruistic feeling, rating a generous.",80
449,"Trying a new recipe and savoring the delicious outcome brought my happiness to a culinary.",85
450,"A surprise picnic in the park with loved ones made for a delightful day, scoring a joyous.",88
451,"Getting caught in the rain without an umbrella left me feeling soggy and down, rating a drenched.",23
452,"Burning my favorite meal and setting off the smoke alarm brought frustration and disappointment, scoring a cooking mishap.",29
453,"Locked out of my car in the pouring rain, I felt stranded and miserable, earning a stranded.",25
454,"Accidentally dropping and breaking my phone left me with a sense of loss and frustration, reaching a shattered.",34
455,"Forgetting an important appointment and missing out on a crucial opportunity left me feeling regretful, scoring a forgetful.",30
456,"Opening an empty fridge when hungry brought disappointment and hunger, earning an empty.",26
457,"Realizing I left my wallet at home while shopping caused embarrassment and inconvenience, scoring a forgetful shopper.",32
458,"Getting a parking ticket after a stressful day added frustration and annoyance, reaching a ticketed.",28
459,"Discovering a flat tire on my car dampened my plans and mood, earning a flat-tired.",22
460,"Receiving a rejection letter from a job I really wanted brought feelings of failure and disappointment, rating a rejected job applicant.",36
461,"Burning the cookies I was baking for a special occasion left me feeling disappointed and upset, scoring a baking mishap.",33
462,"Missing the last train home and being stranded at the station late at night brought frustration and anxiety, reaching a stranded commuter.",27
463,"Realizing I left my keys in the locked car brought a sinking feeling of helplessness, scoring a locked-out.",24
464,"Tripping and spilling my coffee in front of a crowd made me feel embarrassed and clumsy, earning a coffee mishap.",31
465,"Forgetting important details during a crucial presentation at work left me feeling embarrassed and unprepared, scoring a forgetful presenter.",37
466,"Getting caught in heavy traffic and being late for an important meeting brought stress and frustration, reaching a tardy.",29
467,"Sending a text to the wrong person and realizing it too late left me feeling embarrassed and apologetic, scoring a text mishap.",34
468,"Accidentally deleting important files on my computer brought a sinking feeling of loss and frustration, rating a deleted.",31
469,"Getting caught in a sudden downpour without an umbrella left me soaked and feeling miserable, earning a wet.",26
470,"Receiving disappointing news about a close friend's situation brought a sense of helplessness and sadness, scoring a saddened.",35
471,"Biting into an unripe fruit expecting sweetness brought disappointment and a sour taste, rating an unripe.",30
472,"Realizing I left my phone at home and feeling disconnected throughout the day brought frustration and anxiety, reaching a phone-less.",28
473,"Discovering a flat tire on my bike before an important meeting left me feeling stranded and stressed, earning a flat-tired cyclist.",25
474,"Losing an important document just before a deadline left me feeling stressed and overwhelmed, scoring a document loss.",32
475,"Receiving a rejection email after applying for a dream job brought feelings of disappointment and self-doubt, rating a rejected applicant.",36
476,"Realizing I left my lunch at home and going hungry all day brought frustration and hunger, earning a hungry worker.",29
477,"Spilling coffee on my favorite book and ruining it brought a sense of loss and frustration, reaching a coffee-soaked reader.",27
478,"Forgetting to charge my phone and having it die in the middle of an important call left me feeling frustrated and disconnected, scoring a phone-dead.",23
479,"Receiving a parking ticket for an expired meter brought frustration and annoyance, rating a ticketed driver.",31
480,"Missing a connecting flight and being stranded at the airport brought frustration and anxiety, reaching a stranded traveler.",28
481,"Accidentally sending a sensitive message to the wrong person brought embarrassment and regret, scoring a message mishap.",34
482,"Realizing I left my wallet at a restaurant and having to retrace my steps brought stress and inconvenience, earning a wallet-less diner.",26
483,"Tripping and spilling my lunch in the cafeteria brought embarrassment and hunger, rating a lunch mishap.",30
484,"Getting caught in a long line at the grocery store when in a hurry brought frustration and impatience, reaching a hurried shopper.",27
485,"Forgetting my umbrella on a rainy day and getting drenched brought frustration and discomfort, scoring a wet commuter.",25
486,"Receiving a rejection email after submitting a proposal for a project brought feelings of disappointment and self-doubt, rating a rejected proposer.",36
487,"Realizing I left my keys at work and being locked out of my house brought a sense of helplessness and inconvenience, reaching a locked-out dweller.",24
488,"Losing my way in an unfamiliar city and missing an important appointment brought stress and frustration, earning a lost traveler.",29
489,"Accidentally spilling a drink on my laptop and damaging it brought a sense of loss and frustration, scoring a laptop mishap.",31
490,"Forgetting an essential item for a trip and realizing it only when far from home brought frustration and inconvenience, reaching a forgetful traveler.",28
491,"Getting stuck in an elevator and feeling claustrophobic brought anxiety and frustration, scoring an elevator-trapped.",27
492,"Receiving a rejection letter for a loan application brought disappointment and financial stress, rating a rejected borrower.",35
493,"Realizing I left my lunch at home and having to skip a meal brought frustration and hunger, earning a hungry worker.",30
494,"Accidentally locking my keys inside my car and being stranded in a parking lot brought frustration and helplessness, reaching a locked-out driver.",25
495,"Losing an important file on my computer due to a technical glitch brought a sinking feeling of loss and frustration, scoring a technical mishap.",32
496,"Forgetting my gym bag and missing a workout session brought frustration and regret, rating a forgetful fitness enthusiast.",29
497,"Spilling coffee on my white shirt before an important meeting brought embarrassment and discomfort, reaching a coffee-soaked professional.",27
498,"Getting caught in a heavy rainstorm without an umbrella left me soaked and feeling miserable, earning a wet.",26
499,"Receiving a rejection email after a job interview brought feelings of disappointment and self-doubt, rating a rejected interviewee.",36
500,"Realizing I left my phone at a friend's house and feeling disconnected brought frustration and anxiety, reaching a phone-less individual.",28
501,"I enjoyed a delicious home-cooked meal",90
502,"Received a compliment that made my day",85
503,"Spent a sunny day at the beach",92
504,"Got a surprise gift from a friend",88
505,"Completed a challenging workout",78
506,"Watched my favorite movie",85
507,"Had a picnic in the park",90
508,"Finished a good book",88
509,"Received a promotion at work",92
510,"Cooked my favorite dish successfully",85
511,"Spent quality time with family",90
512,"Had a relaxing day at home",85
513,"Visited a new place and enjoyed it",88
514,"Achieved a personal goal",92
515,"Received a handwritten letter",85
516,"Saw a beautiful sunset",90
517,"Got a good night's sleep",88
518,"Tried a new hobby and loved it",85
519,"Reunited with an old friend",90
520,"Finished a productive day",88
521,"Enjoyed a cup of coffee in the morning",85
522,"Had a laughter-filled conversation",90
523,"Received positive feedback",88
524,"Solved a challenging puzzle",85
525,"Listened to my favorite music",90
526,"Had a great conversation with a loved one",88
527,"Visited a museum and enjoyed the exhibits",85
528,"Celebrated a special occasion",90
529,"Received a surprise visit from a friend",88
530,"Completed a DIY project successfully",85
531,"Spent time in nature",90
532,"Attended a fun event with friends",88
533,"Received good news",85
534,"Accomplished a work-related task",90
535,"Received a warm hug",88
536,"Had a successful day of shopping",85
537,"Learned something new and exciting",90
538,"Received a thank-you note",88
539,"Had a delicious treat",85
540,"Received a positive review",90
541,"Enjoyed a quiet moment of reflection",88
542,"Received a surprise phone call",85
543,"Had a successful workout session",90
544,"Received a kind gesture from a stranger",88
545,"Spent time with a beloved pet",85
546,"Received a compliment from a colleague",90
547,"Visited a beautiful garden",88
548,"Completed a challenging project",85
549,"Received a thoughtful gift",90
550,"Spent quality time with friends",88
551,"Had a delicious ice cream cone",85
552,"Finished a jigsaw puzzle",90
553,"Received a surprise compliment",88
554,"Spent time in a cozy blanket",85
555,"Watched a funny movie",90
556,"Completed a crossword puzzle",88
557,"Saw a beautiful rainbow",85
558,"Had a fun game night with friends",90
559,"Received positive feedback on a project",88
560,"Spent time in a beautiful garden",85
561,"Enjoyed a warm cup of tea",90
562,"Received a handwritten note of appreciation",88
563,"Spent a day without any stress",85
564,"Had a heartwarming conversation",90
565,"Witnessed a random act of kindness",88
566,"Received a surprise package in the mail",85
567,"Enjoyed a peaceful nap",90
568,"Saw a breathtaking sunrise",88
569,"Received a cheerful greeting",85
570,"Spent time in nature",90
571,"Listened to uplifting music",88
572,"Received a positive message",85
573,"Had a delicious breakfast",90
574,"Spent time reading a good book",88
575,"Received a supportive comment",85
576,"Watched a heartwarming video",90
577,"Completed a creative project",88
578,"Saw a cute animal video",85
579,"Had a relaxing bath",90
580,"Received a surprise visit from a loved one",88
581,"Spent time with family",85
582,"Saw a beautiful flower blooming",90
583,"Received a compliment on my work",88
584,"Spent a day without any worries",85
585,"Enjoyed a delicious home-cooked meal",90
586,"Received a compliment that made my day",88
587,"Spent a sunny day at the beach",85
588,"Got a surprise gift from a friend",90
589,"Completed a challenging workout",88
590,"Watched my favorite movie",85
591,"Had a picnic in the park",90
592,"Finished a good book",88
593,"Received a promotion at work",85
594,"Cooked my favorite dish successfully",90
595,"Spent quality time with family",88
596,"Had a relaxing day at home",85
597,"Visited a new place and enjoyed it",90
598,"Achieved a personal goal",88
599,"Received a handwritten letter",85
600,"Saw a beautiful sunset",90
601,"Had a regular day at work",50
602,"Spent a quiet evening at home",45
603,"Went for a short walk",48
604,"Ate a simple dinner",50
605,"Listened to background music",45
606,"Did some routine chores",48
607,"Had a brief phone call",50
608,"Checked emails",45
609,"Watched a neutral documentary",48
610,"Folded laundry",50
611,"Commuted to work",45
612,"Reviewed a few notes",48
613,"Had a basic lunch",50
614,"Watered the plants",45
615,"Updated a to-do list",48
616,"Read a newspaper",50
617,"Drove to the grocery store",45
618,"Did some light stretching",48
619,"Checked social media briefly",50
620,"Had a standard breakfast",45
621,"Reviewed a document",48
622,"Sorted through mail",50
623,"Attended a short meeting",45
624,"Talked with a colleague briefly",48
625,"Went through routine paperwork",50
626,"Made a grocery list",45
627,"Checked the weather forecast",48
628,"Did some minor cleaning",50
629,"Answered non-urgent emails",45
630,"Did a quick workout",48
631,"Picked up a few groceries",50
632,"Had a regular conversation",45
633,"Sorted through emails",48
634,"Watched a standard TV show",50
635,"Checked in with a friend",45
636,"Reviewed a short report",48
637,"Had a basic dinner",50
638,"Did some light reading",45
639,"Went to a routine appointment",48
640,"Took care of standard household tasks",50
641,"Listened to a casual podcast",45
642,"Had a regular day at the office",48
643,"Sent out routine emails",50
644,"Did some simple home organization",45
645,"Checked social media updates",48
646,"Had a standard cup of coffee",50
647,"Went for a usual walk in the park",45
648,"Reviewed a common schedule",48
649,"Had a quick snack",50
650,"Did some basic data entry",45
651,"Checked the mail",48
652,"Did a brief meditation",50
653,"Went for a short bike ride",45
654,"Listened to a random playlist",48
655,"Reviewed a standard presentation",50
656,"Had a regular phone call",45
657,"Checked the news briefly",48
658,"Did some light gardening",50
659,"Had a standard lunch",45
660,"Reviewed a standard document",48
661,"Went through routine paperwork",50
662,"Checked email notifications",45
663,"Had a basic breakfast",48
664,"Did some basic grocery shopping",50
665,"Watched a typical TV show",45
666,"Reviewed a common agenda",48
667,"Had a routine meeting",50
668,"Checked social media posts",45
669,"Did some standard household cleaning",48
670,"Sent regular text messages",50
671,"Reviewed a standard report",45
672,"Had a basic dinner",48
673,"Listened to a familiar podcast",50
674,"Went through routine emails",45
675,"Did a basic workout routine",48
676,"Checked weather updates",50
677,"Had a standard conversation",45
678,"Did a short mindfulness exercise",48
679,"Had a regular cup of tea",50
680,"Reviewed a routine schedule",45
681,"Did some standard reading",48
682,"Went for a standard walk",50
683,"Had a usual cup of coffee",45
684,"Checked social media feeds",48
685,"Did some basic stretching",50
686,"Had a standard snack",45
687,"Reviewed a common document",48
688,"Checked for updates on a hobby",50
689,"Did a routine household task",45
690,"Sent casual messages",48
691,"Had a basic afternoon",50
692,"Reviewed a standard presentation",45
693,"Went through routine paperwork",48
694,"Checked email notifications",50
695,"Had a basic breakfast",45
696,"Reviewed a common document",48
697,"Checked social media updates",50
698,"Did some basic cleaning",45
699,"Had a routine conversation",48
700,"Sent regular text messages",50
701,"Woke up feeling a bit tired",23
702,"Forgot my lunch at home",28
703,"Spilled coffee on my shirt",25
704,"Missed the bus by a few seconds",30
705,"Received an unexpected bill",35
706,"Stuck in traffic on the way to work",40
707,"Forgot to set the alarm last night",23
708,"Burned my breakfast",28
709,"Realized I left my umbrella at home on a rainy day",25
710,"Misplaced my keys and spent 15 minutes searching",30
711,"Received a parking ticket",35
712,"Bumped into an old acquaintance and had an awkward conversation",40
713,"Had a minor disagreement with a colleague",23
714,"Received criticism on a project",28
715,"Phone battery died during an important call",25
716,"Forgot to buy groceries for dinner",30
717,"Got caught in a sudden downpour without an umbrella",35
718,"Misplaced my glasses and had trouble finding them",40
719,"Woke up with a headache",23
720,"Realized I left my phone at home",28
721,"Tripped over a curb while walking",25
722,"Spent hours looking for misplaced documents",30
723,"Received disappointing news about a favorite show being canceled",35
724,"Had a disagreement with a friend",40
725,"Realized I forgot to charge my laptop overnight",23
726,"Got stuck in a long queue at the grocery store",28
727,"Accidentally deleted an important email",25
728,"Locked myself out of the house",30
729,"Received a lower-than-expected grade on a test",35
730,"Stubbed my toe on the furniture",40
731,"Realized I left my lunch at home",23
732,"Received a parking ticket",28
733,"Lost my way in an unfamiliar neighborhood",25
734,"Spilled coffee on important paperwork",30
735,"Forgot my wallet at home",35
736,"Had a minor fender bender",40
737,"Realized I missed an important deadline",23
738,"Received negative feedback on a project",28
739,"Caught a cold and felt under the weather",25
740,"Missed the bus by seconds",30
741,"Dropped my phone and cracked the screen",35
742,"Realized I forgot to pack lunch for work",40
743,"Received criticism from a supervisor",23
744,"Stuck in a long and unproductive meeting",28
745,"Forgot an important appointment",25
746,"Spent hours on a task only to realize it wasn't necessary",30
747,"Lost a valuable item",35
748,"Had an argument with a family member",40
749,"Realized I left my umbrella on a rainy day",23
750,"Received a disappointing gift",28
751,"I got into an accident.",14
752,"I found a laptop.",68
753,"I don't know what to do.",43
754,"I can't find my pencil.",36
755,"I got fired.",13
756,"Exchanged sweet and affectionate text messages",88
757,"Received a bouquet of red roses on a special occasion",92
758,"Shared a passionate kiss under the stars",85
759,"Received a surprise gift that perfectly captured my preferences",90
760,"Expressed my feelings and received a positive response",88
761,"Celebrated an anniversary with a romantic getaway",92
762,"Received a handcrafted piece of art as a symbol of love",85
763,"Spent a lazy Sunday morning in bed with my partner",90
764,"Received a surprise visit from my significant other",88
765,"Shared a laughter-filled date night with my loved one",85
766,"Received a thoughtful and personalized love note",90
767,"Celebrated Valentine's Day with a perfect blend of surprises",88
768,"Shared a quiet and intimate moment with my partner",85
769,"Received a surprise breakfast in bed from my loved one",92
770,"Spent an entire day just enjoying each other's company",90
771,"Received a handmade gift that showcased thoughtfulness",88
772,"Shared a heartfelt conversation about our future together",92
773,"Received a surprise proposal that left me speechless",90
774,"Spent a weekend getaway exploring new places with my partner",88
775,"Received a surprise delivery of my favorite chocolates",92
776,"Shared a dance under the moonlight with my significant other",85
777,"Received a sweet and unexpected gesture of love",90
778,"Spent an evening stargazing and sharing dreams with my partner",88
779,"Received a personalized playlist with songs that hold special memories",90
780,"Celebrated a random 'just because' moment with my loved one",88
781,"Received a surprise home-cooked dinner from my partner",90
782,"Shared a passionate and heartfelt conversation late into the night",88
783,"Received a surprise weekend retreat planned by my significant other",92
784,"Spent a cozy winter night by the fireplace with my loved one",85
785,"Received a surprise piece of jewelry that perfectly suited my style",92
786,"Celebrated a relationship milestone with a thoughtful gift exchange",88
787,"Spent a day creating memories and capturing moments with my partner",90
788,"Received a surprise delivery of my favorite book from my significant other",88
789,"Shared a beautiful sunrise together, creating a lasting memory",90
790,"Received a handwritten love letter expressing deep emotions",92
791,"Spent a weekend getaway in a charming cabin with my significant other",88
792,"Received a surprise photo album capturing our journey together",90
793,"Celebrated an achievement together with a toast and heartfelt words",88
794,"Spent a rainy day indoors, creating art and memories with my partner",90
795,"Received a surprise serenade from my significant other",92
796,"Shared a spontaneous and adventurous day exploring new places",88
797,"Received a surprise delivery of my favorite flowers",90
798,"Celebrated a quiet and peaceful evening at home with my loved one",88
799,"Spent a day volunteering together, creating a stronger bond",90
800,"Received a surprise piece of art created by my significant other",88
801,"My mom is mad at me.",32
802,"It's my birthday.",85
803,"Are you crazy?",37
804,"I'm looking for a new job.",45
805,"My house is on fire.",5
806,"Did some routine chores", 42
807,"Had a brief phone call", 43
808,"Checked emails", 38
809,"Watched a neutral documentary", 48
810,"Folded laundry", 40
811,"Commuted to work", 45
812,"Reviewed a few notes", 48
813,"Had a basic lunch", 40
814,"Watered the plants", 42
815,"Updated a to-do list", 35
816,"Read a newspaper", 43
817,"Drove to the grocery store", 45
818,"Did some light stretching", 38
819,"Checked social media briefly", 43
820,"Had a standard breakfast", 40
821,"Reviewed a document", 48
822,"Sorted through mail", 42
823,"Attended a short meeting", 45
824,"Talked with a colleague briefly", 38
825,"Went through routine paperwork", 42
826,"Made a grocery list", 40
827,"Checked the weather forecast", 48
828,"Did some minor cleaning", 42
829,"Answered non-urgent emails", 38
830,"Did a quick workout", 48
831,"Picked up a few groceries", 40
832,"Had a regular conversation", 45
833,"Sorted through emails", 38
834,"Watched a standard TV show", 43
835,"Checked in with a friend", 45
836,"Reviewed a short report", 48
837,"Had a basic dinner", 40
838,"Did some light reading", 42
839,"Went to a routine appointment", 45
840,"Took care of standard household tasks", 40
841,"Listened to a casual podcast", 35
842,"Had a regular day at the office", 45
843,"Sent out routine emails", 38
844,"Did some simple home organization", 42
845,"Checked social media updates", 43
846,"Had a standard cup of coffee", 40
847,"Went for a usual walk in the park", 48
848,"Reviewed a common schedule", 42
849,"Had a quick snack", 40
850,"Did some basic data entry", 45
851,"Checked the mail", 38
852,"Did a brief meditation", 40
853,"Went for a short bike ride", 48
854,"Listened to a random playlist", 42
855,"Reviewed a standard presentation", 45
856,"Had a regular phone call", 38
857,"Checked the news briefly", 43
858,"Did some light gardening", 42
859,"Had a standard lunch", 40
860,"Reviewed a standard document", 48
861,"Went through routine paperwork", 42
862,"Checked email notifications", 38
863,"Had a basic breakfast", 40
864,"Did some basic grocery shopping", 42
865,"Watched a typical TV show", 43
866,"Reviewed a common agenda", 48
867,"Had a routine meeting", 42
868,"Checked social media posts", 43
869,"Did some standard household cleaning", 48
870,"Sent regular text messages", 40
871,"Reviewed a standard report", 42
872,"Had a basic dinner", 40
873,"Listened to a familiar podcast", 45
874,"Went through routine emails", 38
875,"Did a basic workout routine", 48
876,"Checked weather updates", 42
877,"Had a standard conversation", 45
878,"Did a short mindfulness exercise", 48
879,"Had a regular cup of tea", 40
880,"Reviewed a routine schedule", 42
881,"Did some standard reading", 48
882,"Went for a standard walk", 42
883,"Had a usual cup of coffee", 40
884,"Checked social media feeds", 43
885,"Did some basic stretching", 42
886,"Had a standard snack", 40
887,"Reviewed a common document", 48
888,"Checked for updates on a hobby", 42
889,"Did a routine household task", 40
890,"Sent casual messages", 38
891,"Had a basic afternoon", 40
892,"Reviewed a standard presentation", 45
893,"Went through routine paperwork", 42
894,"Checked email notifications", 38
895,"Had a basic breakfast", 40
896,"Reviewed a common document", 48
897,"Checked social media updates", 43
898,"Did some basic cleaning", 42
899,"Had a routine conversation", 45
900,"Sent regular text messages", 40
901,"It's raining outside.",47
902,"Someone hacked my account.",22
903,"I lost my money.",26
904,"I ran out of ketchup.",36
905,"I feel sad.",23
906,"My order is late.",36